{
    "PTPMRR": {
        "cost": 1201563.545600001,
        "cpu": 59677411.257999994,
        "makespan": 16540520.427008057,
        "avg_makespan": 16623.6386201086,
        "avg_cost": 1207.601553366835,
        "avg_cpu": 59977.29774673366
    },
    "RR": {
        "cost": 1416587.1821599994,
        "cpu": 59646304.218,
        "makespan": 4558652.641858561,
        "avg_makespan": 4581.560444078956,
        "avg_cost": 1423.7057107135672,
        "avg_cpu": 59946.03438994975
    },
    "SJF": {
        "cost": 1365142.3680799988,
        "cpu": 56981367.75399998,
        "makespan": 4271423.853511961,
        "avg_makespan": 4292.888294986896,
        "avg_cost": 1372.0023799798983,
        "avg_cpu": 57267.70628542711
    },
    "FCFS": {
        "cost": 1356973.6818,
        "cpu": 56908198.282,
        "makespan": 4316485.745275271,
        "avg_makespan": 4338.176628417358,
        "avg_cost": 1363.7926450251255,
        "avg_cpu": 57194.16912763819
    }
}